,county_state,number_of_npl,number_of_powerplant,FIPS,Age-AdjustedCANCERcases_per100000,Lower 95% Confidence Interval,Upper 95% Confidence Interval,Average Annual Count,Recent Trend,Recent 5-Year Tren in Incidence Rates,Lower 95%CI,Upper 95% CI,cancerrate_level
0,"Adams County, Colorado",4,11,08001,406.0,397.1,415.1,1682,stable,-0.9,-3.9,2.3,high
1,"Adams County, Nebraska",3,4,31001,484.6,452.6,518.2,185,stable,-0.1,-13.3,15.2,low
2,"Adams County, Pennsylvania",4,6,42001,491.7,474.6,509.2,670,stable,0,-7.4,8,medium
3,"Aiken County, South Carolina",1,4,45003,411.0,398.5,423.9,868,stable,-1.3,-4.8,2.3,medium
4,"Alachua County, Florida",1,7,12001,464.6,452.4,476.9,1188,stable,-2,-6,2.2,medium
5,"Alameda County, California",3,14,06001,392.8,388.5,397.1,6703,falling,-1.8,-2.4,-1.3,high
6,"Albany County, New York",1,12,36001,517.8,507.1,528.6,1895,stable,0.2,-0.2,0.6,high
7,"Albany County, Wyoming",1,3,56001,378.1,346.8,411.4,118,stable,0.8,-9.1,11.9,low
8,"Allegan County, Michigan",1,2,26005,368.6,353.8,383.8,499,stable,4.3,-1.2,10.2,medium
9,"Allegany County, Maryland",1,4,24001,498.7,478.8,519.3,501,stable,2.3,-3.6,8.6,medium
10,"Allegany County, New York",1,4,36003,513.8,487.6,541.0,310,stable,-0.1,-0.7,0.6,low
11,"Allegheny County, Pennsylvania",4,4,42003,493.5,488.5,498.6,7980,stable,-0.9,-2.3,0.5,high
12,"Allendale County, South Carolina",1,3,45005,388.2,339.4,442.5,49,stable,0.7,-11.1,13.9,low
13,"Alpena County, Michigan",1,5,26007,464.3,435.2,495.1,209,stable,-1.4,-5.8,3.1,low
14,"Amador County, California",1,4,06005,434.9,410.6,460.7,276,falling,-1.2,-1.9,-0.4,low
15,"Androscoggin County, Maine",1,13,23001,474.2,457.4,491.4,634,stable,2,-2.8,7,medium
16,"Anne Arundel County, Maryland",4,3,24003,465.5,457.8,473.4,2897,stable,-0.3,-1.9,1.3,high
17,"Arapahoe County, Colorado",1,3,08005,405.7,398.4,413.1,2522,falling,-2.7,-4.4,-0.9,high
18,"Armstrong County, Pennsylvania",1,5,42005,492.6,472.3,513.7,483,stable,1,-4.3,6.6,medium
19,"Aroostook County, Maine",2,9,23003,481.2,461.7,501.4,511,stable,0.2,-2.3,2.8,medium
20,"Ashland County, Wisconsin",1,2,55003,497.7,454.3,544.3,105,stable,-1.6,-3.6,0.4,low
21,"Ashtabula County, Ohio",5,2,39007,449.9,433.2,467.2,583,stable,-3.7,-7.5,0.3,medium
22,"Atlantic County, New Jersey",9,11,34001,492.3,481.6,503.3,1673,falling,-10.2,-15.8,-4.3,high
23,"Baltimore County, Maryland",4,11,24005,483.3,477.1,489.6,4877,stable,-1.2,-5.1,2.8,high
24,"Bannock County, Idaho",2,3,16005,368.5,350.0,387.7,313,falling,-1.2,-1.7,-0.7,low
25,"Barnstable County, Massachusetts",1,17,25001,477.1,466.3,488.0,1854,falling,-1.5,-1.9,-1.1,high
26,"Barnwell County, South Carolina",1,1,45011,412.8,378.2,449.7,113,stable,3.2,-3.8,10.8,low
27,"Bay County, Florida",1,3,12005,483.5,470.3,497.0,1061,stable,-0.9,-6.7,5.3,medium
28,"Bay County, Michigan",1,4,26017,446.1,430.2,462.5,639,stable,2,-1.6,5.9,medium
29,"Beaufort County, North Carolina",1,9,37013,450.9,427.6,475.2,315,falling,-6.1,-9.8,-2.3,low
30,"Beaufort County, South Carolina",4,1,45013,418.0,406.3,430.0,1124,falling,-3.4,-5.3,-1.4,medium
31,"Bell County, Texas",1,1,48027,480.8,469.1,492.6,1347,stable,0.3,-5,5.9,medium
32,"Belmont County, Ohio",1,1,39013,388.1,370.1,406.8,378,stable,6.5,-6.6,21.5,low
33,"Benewah County, Idaho",1,1,16009,420.5,369.8,477.0,56,stable,-1.8,-3.5,0,low
34,"Benton County, Oregon",1,2,41003,389.5,371.1,408.6,368,falling,-7.5,-11.9,-3,low
35,"Benton County, Washington",4,7,53005,429.0,415.9,442.3,866,stable,-1.2,-4.9,2.8,medium
36,"Bergen County, New Jersey",11,4,34003,467.7,462.1,473.4,5482,falling,-1,-1.4,-0.6,high
37,"Berks County, Pennsylvania",9,5,42011,479.8,471.1,488.7,2431,stable,-0.1,-3.7,3.5,high
38,"Berkshire County, Massachusetts",2,19,25003,428.7,414.9,442.8,824,falling,-2.7,-3.5,-1.9,medium
39,"Bernalillo County, New Mexico",3,10,35001,390.0,383.6,396.5,2957,falling,-0.8,-0.9,-0.6,high
40,"Berrien County, Michigan",3,7,26021,460.1,446.7,473.8,956,stable,-0.8,-6.6,5.3,medium
41,"Bexar County, Texas",4,17,48029,388.1,383.9,392.3,6846,stable,-1.9,-5.6,2,high
42,"Bibb County, Georgia",2,2,13021,498.0,482.9,513.4,866,stable,-0.2,-0.6,0.2,medium
43,"Black Hawk County, Iowa",1,6,19013,487.1,470.9,503.7,729,stable,-0.3,-0.5,0,medium
44,"Blair County, Pennsylvania",1,3,42013,480.7,465.7,496.2,836,stable,0.9,-2.8,4.7,medium
45,"Boone County, Indiana",3,5,18011,444.8,421.8,468.8,292,stable,3.3,-0.7,7.5,low
46,"Boulder County, Colorado",2,15,08013,382.6,372.9,392.6,1239,falling,-3.1,-6.1,-0.1,medium
47,"Bradford County, Pennsylvania",1,7,42015,484.0,462.5,506.3,418,stable,-0.8,-5.2,3.9,low
48,"Branch County, Michigan",1,1,26023,381.3,357.8,405.9,208,stable,3.1,-3.7,10.3,low
49,"Brazoria County, Texas",1,8,48039,413.1,403.0,423.4,1347,stable,-1.6,-4.4,1.4,medium
50,"Brevard County, Florida",1,6,12009,485.3,478.4,492.3,4203,stable,-1.1,-3.4,1.1,high
51,"Bristol County, Massachusetts",7,35,25005,442.3,435.0,449.6,3012,falling,-4.5,-7.3,-1.5,high
52,"Broome County, New York",8,2,36007,495.4,482.7,508.3,1254,stable,-0.1,-0.6,0.3,medium
53,"Broward County, Florida",8,4,12011,445.6,441.6,449.5,10020,stable,-1.2,-3.2,0.8,high
54,"Brown County, Wisconsin",1,5,55009,462.4,450.9,474.1,1286,stable,-0.4,-5.4,4.9,medium
55,"Brunswick County, North Carolina",2,8,37019,459.4,444.7,474.5,930,stable,1.6,-1.1,4.4,medium
56,"Bucks County, Pennsylvania",8,5,42017,494.4,487.3,501.5,4042,stable,-0.4,-2.6,1.9,high
57,"Bullitt County, Kentucky",3,1,21029,553.2,530.7,576.5,485,stable,0.2,-0.5,0.9,medium
58,"Buncombe County, North Carolina",3,4,37021,471.1,460.4,482.0,1560,stable,1.1,-2.3,4.6,high
59,"Bureau County, Illinois",1,6,17011,502.3,473.1,532.9,241,stable,2.9,-6.9,13.7,low
60,"Burlington County, New Jersey",14,33,34005,529.6,520.9,538.5,2931,falling,-7.8,-12.3,-3.1,high
61,"Burnet County, Texas",1,2,48053,408.7,385.9,432.5,265,falling,-3,-5.3,-0.6,low
62,"Burnett County, Wisconsin",1,4,55013,457.7,418.7,500.0,123,stable,5,-10.8,23.6,low
63,"Butler County, Nebraska",1,1,31023,460.7,404.2,523.5,53,stable,0.4,-16.1,20,low
64,"Butler County, Ohio",3,9,39017,449.5,440.1,459.0,1821,falling,-2.6,-5.1,-0.1,high
65,"Butte County, California",3,20,06007,467.9,456.1,479.8,1308,falling,-0.8,-1.2,-0.3,medium
66,"Cabarrus County, North Carolina",1,4,37025,475.0,461.4,489.0,953,stable,-0.2,-3.2,2.9,medium
67,"Caddo County, Oklahoma",1,11,40015,465.6,433.7,499.4,164,stable,1.5,-13.1,18.6,low
68,"Caledonia County, Vermont",2,6,50005,435.0,405.6,466.0,180,stable,-2.1,-5,1,low
69,"Calhoun County, Alabama",1,3,01015,450.9,435.1,467.2,647,stable,-0.2,-3.3,3.1,medium
70,"Calhoun County, Michigan",3,3,26025,400.9,387.1,415.1,671,stable,3,-3.4,9.7,medium
71,"Calhoun County, Texas",1,6,48057,437.4,401.4,475.8,114,stable,-5.1,-14,4.7,low
72,"Calumet County, Wisconsin",1,1,55015,443.5,418.4,469.7,245,stable,-3.7,-10,3.2,low
73,"Camden County, New Jersey",11,12,34007,519.8,511.4,528.3,3061,stable,-0.2,-0.6,0.1,high
74,"Cape Girardeau County, Missouri",2,1,29031,443.4,423.8,463.7,405,stable,-3.1,-10,4.4,low
75,"Cape May County, New Jersey",1,2,34009,561.5,543.8,579.8,878,stable,-0.3,-0.8,0.1,medium
76,"Carbon County, Pennsylvania",2,3,42025,490.0,469.2,511.6,451,falling,-2.7,-5.2,-0.1,medium
77,"Caribou County, Idaho",2,3,16029,385.6,326.7,452.5,32,stable,-0.3,-2.2,1.6,low
78,"Carroll County, New Hampshire",1,2,33003,463.9,441.2,487.7,370,stable,0.4,-4.1,5,low
79,"Carson County, Texas",1,9,48065,337.6,281.4,402.5,27,stable,12.1,-6.9,35.1,low
80,"Cascade County, Montana",2,7,30013,432.2,413.9,451.1,447,stable,-2.4,-7,2.4,low
81,"Cass County, Indiana",1,1,18017,432.1,405.7,459.8,209,stable,-3.2,-12.8,7.5,low
82,"Cass County, Iowa",1,5,19029,486.7,442.6,534.5,99,stable,0.3,-0.3,0.9,low
83,"Cattaraugus County, New York",4,3,36009,519.0,498.7,540.0,529,stable,0,-0.5,0.4,medium
84,"Cayuga County, New York",1,5,36011,513.3,493.3,534.0,529,stable,2.9,-1.1,7.1,medium
85,"Cecil County, Maryland",5,5,24015,521.0,502.1,540.5,609,stable,1.4,-2.4,5.5,medium
86,"Centre County, Pennsylvania",1,2,42027,430.3,415.6,445.4,678,stable,-0.2,-3.5,3.3,medium
87,"Cerro Gordo County, Iowa",2,3,19033,541.7,514.7,569.9,336,rising,0.5,0.1,0.8,low
88,"Chaffee County, Colorado",1,1,08015,405.6,371.4,442.6,118,stable,-0.5,-11.2,11.5,low
89,"Champaign County, Illinois",1,2,17019,437.6,424.0,451.4,833,stable,0,-2.2,2.3,medium
90,"Charles County, Maryland",1,3,24017,446.6,431.3,462.4,691,stable,-0.1,-3,3,medium
91,"Charleston County, South Carolina",3,2,45019,462.2,453.0,471.6,2026,falling,-2.5,-3.8,-1.1,high
92,"Charlevoix County, Michigan",1,1,26029,466.8,434.7,500.9,182,stable,1.1,-6.7,9.5,low
93,"Chaves County, New Mexico",2,6,35005,367.2,347.5,387.7,272,falling,-3,-4.8,-1.1,low
94,"Cherokee County, South Carolina",1,5,45021,472.6,449.1,497.0,318,stable,-2.9,-6.2,0.5,low
95,"Cheshire County, New Hampshire",1,1,33005,458.2,438.9,478.2,458,stable,1.3,-3.7,6.6,medium
96,"Chester County, Pennsylvania",11,7,42029,482.3,474.3,490.5,2897,stable,-0.2,-2.5,2.1,high
97,"Chester County, South Carolina",1,5,45023,513.4,482.5,545.9,220,stable,-1.2,-7.5,5.6,low
98,"Chesterfield County, Virginia",2,7,51041,452.1,442.0,462.4,1642,stable,-1.2,-5.1,2.8,high
99,"Chippewa County, Michigan",1,3,26033,407.8,381.8,435.2,190,stable,3.3,-4.8,12.1,low
100,"Chippewa County, Wisconsin",1,7,55017,486.8,464.7,509.7,385,stable,2.1,-1.3,5.6,low
101,"Chittenden County, Vermont",2,20,50007,458.7,444.1,473.6,797,falling,-3.3,-4.5,-2.1,medium
102,"Christian County, Illinois",1,2,17021,545.6,515.1,577.6,252,stable,2.8,-4.1,10.1,low
103,"Cibola County, New Mexico",3,2,35006,338.7,309.7,369.8,104,stable,-0.4,-1,0.2,low
104,"Clackamas County, Oregon",1,10,41005,461.2,452.4,470.1,2257,stable,-1.1,-3.7,1.6,high
105,"Clallam County, Washington",1,1,53009,497.5,478.5,517.2,631,stable,-0.1,-0.4,0.2,medium
106,"Clare County, Michigan",1,1,26035,489.0,458.9,520.6,226,stable,-0.5,-9.2,9.1,low
107,"Clark County, Illinois",1,2,17023,470.3,429.7,514.1,104,stable,2.5,-3.9,9.4,low
108,"Clark County, Ohio",2,1,39023,476.4,461.7,491.6,845,stable,0.6,-1,2.3,medium
109,"Clark County, Washington",7,6,53011,429.7,421.4,438.2,2126,stable,-2.9,-6.3,0.6,high
110,"Clarke County, Georgia",1,3,13059,460.0,440.7,479.9,448,stable,-0.3,-0.9,0.2,low
111,"Clay County, Missouri",2,1,29047,465.7,453.5,478.1,1153,stable,0.9,-4.3,6.3,medium
112,"Clear Creek County, Colorado",1,3,08019,403.7,351.0,463.0,53,stable,4.3,-9.6,20.5,low
113,"Clermont County, Ohio",1,2,39025,470.0,457.3,483.0,1104,stable,-0.5,-6.1,5.4,medium
114,"Cleveland County, North Carolina",1,23,37045,501.6,483.7,520.1,623,stable,1.2,-3.3,6,medium
115,"Clinton County, Illinois",1,2,17027,467.0,439.0,496.4,216,stable,1.2,-6.6,9.6,low
116,"Clinton County, Iowa",1,4,19045,481.8,457.3,507.4,310,stable,-0.2,-0.5,0.1,low
117,"Clinton County, New York",1,9,36019,507.5,487.3,528.3,499,stable,-0.4,-1.1,0.2,medium
118,"Clinton County, Pennsylvania",1,1,42035,463.4,435.8,492.3,226,stable,-1.6,-11.2,9.1,low
119,"Coahoma County, Mississippi",1,2,28027,509.3,470.7,550.2,136,stable,-0.3,-7.7,7.7,low
120,"Cochise County, Arizona",1,7,04003,375.0,361.7,388.7,655,stable,3.1,-3.1,9.8,medium
121,"Columbus County, North Carolina",1,9,37047,446.5,424.8,469.2,336,stable,-0.7,-5.2,4,low
122,"Contra Costa County, California",3,31,06013,427.0,421.8,432.3,5427,falling,-2.7,-3.8,-1.6,high
123,"Cook County, Illinois",3,26,17031,451.7,449.2,454.2,25575,falling,-0.6,-0.8,-0.3,high
124,"Coos County, New Hampshire",1,13,33007,464.2,436.4,493.6,230,stable,1.3,-0.9,3.6,low
125,"Coshocton County, Ohio",1,1,39031,466.0,438.3,495.0,225,stable,5,-1.5,11.8,low
126,"Craven County, North Carolina",1,8,37049,489.6,472.0,507.8,621,stable,0.3,-3,3.7,medium
127,"Creek County, Oklahoma",1,1,40037,504.9,483.7,526.8,450,stable,-0.2,-8.7,9,low
128,"Crittenden County, Arkansas",2,1,05035,429.8,404.2,456.6,221,stable,1.8,-6.4,10.7,low
129,"Crockett County, Tennessee",1,1,47033,462.7,418.9,510.2,86,stable,3.2,-3.2,9.9,low
130,"Cumberland County, Illinois",1,1,17035,449.8,400.8,503.6,65,stable,-5.3,-13.8,4.1,low
131,"Cumberland County, Maine",3,7,23005,463.5,453.5,473.8,1703,stable,-0.8,-3.1,1.6,high
132,"Cumberland County, New Jersey",6,18,34011,512.5,497.3,528.0,891,stable,-6.2,-13.9,2.2,medium
133,"Cumberland County, North Carolina",2,5,37051,454.6,443.7,465.7,1373,stable,-1,-3.8,1.9,medium
134,"Cumberland County, Pennsylvania",1,5,42041,445.0,434.3,455.9,1387,stable,-1.6,-3.8,0.6,medium
135,"Curry County, New Mexico",1,4,35009,370.8,346.3,396.5,176,falling,-0.6,-1.1,-0.1,low
136,"Cuyahoga County, Ohio",1,9,39035,476.3,471.4,481.2,7678,stable,-0.8,-2.3,0.7,high
137,"Dallas County, Texas",4,5,48113,419.7,415.8,423.6,9454,stable,-0.7,-1.4,0.1,high
138,"Dane County, Wisconsin",5,11,55025,452.1,443.7,460.6,2344,stable,-0.9,-3.2,1.4,high
139,"Darke County, Ohio",1,4,39037,453.1,430.1,477.0,313,stable,-6,-13.4,2,low
140,"Dauphin County, Pennsylvania",1,5,42043,471.9,461.2,482.8,1561,stable,0,-2.2,2.3,high
141,"Daviess County, Kentucky",1,1,21059,524.3,505.8,543.3,636,stable,2.2,-1.9,6.5,medium
142,"Davis County, Utah",3,4,49011,411.2,400.1,422.4,1104,stable,0.2,-0.1,0.5,medium
143,"Deer Lodge County, Montana",1,1,30023,447.8,398.2,502.9,64,stable,-0.6,-15.9,17.4,low
144,"Delaware County, New York",3,1,36025,477.1,453.1,502.2,338,stable,-0.6,-1.3,0,low
145,"Delaware County, Pennsylvania",6,9,42045,507.1,499.3,514.9,3422,stable,0.7,-1.7,3.2,high
146,"Des Moines County, Iowa",1,1,19057,506.6,479.4,535.1,280,stable,0.1,-0.3,0.6,low
147,"Dodge County, Wisconsin",2,3,55027,431.2,413.7,449.3,479,falling,-3.7,-5.8,-1.6,medium
148,"Dona Ana County, New Mexico",1,14,35013,390.7,379.0,402.6,883,stable,0.4,-0.4,1.2,medium
149,"Dougherty County, Georgia",3,5,13095,482.2,462.9,502.1,494,stable,-0.6,-1.2,0,medium
150,"Douglas County, Nebraska",2,3,31055,472.3,464.0,480.8,2547,stable,-0.9,-3.3,1.6,high
151,"Douglas County, Oregon",1,5,41019,408.3,393.8,423.2,697,stable,-3.6,-18,13.3,medium
152,"Dubuque County, Iowa",1,6,19061,499.4,481.0,518.3,589,stable,-0.3,-0.5,0,medium
153,"Dunklin County, Missouri",1,3,29069,450.7,420.9,482.0,180,stable,3.4,-4.2,11.6,low
154,"Dutchess County, New York",6,3,36027,475.3,465.2,485.6,1756,falling,-0.6,-0.9,-0.3,high
155,"Duval County, Florida",9,8,12031,524.4,517.8,531.1,5036,stable,-1.2,-3.3,0.9,high
156,"Eagle County, Colorado",1,2,08037,338.8,312.2,367.1,160,stable,-4.3,-8.5,0.2,low
157,"Eaton County, Michigan",1,2,26045,472.7,455.9,490.0,643,stable,0.5,-6.4,7.9,medium
158,"Eau Claire County, Wisconsin",2,2,55035,447.1,429.2,465.5,498,stable,0.5,-4.8,6.1,medium
159,"Ector County, Texas",4,3,48135,409.3,393.7,425.4,537,stable,1.3,-3.5,6.4,medium
160,"Elkhart County, Indiana",6,4,18039,428.9,416.4,441.7,924,stable,-1.5,-3.3,0.4,medium
161,"Elmore County, Idaho",1,22,16039,465.2,427.6,505.3,117,falling,-3.1,-4.7,-1.5,low
162,"Erie County, New York",2,8,36029,548.5,542.3,554.7,6416,stable,-0.4,-1.2,0.4,high
163,"Erie County, Pennsylvania",3,2,42049,475.2,464.6,486.0,1625,stable,0.2,-3.7,4.3,high
164,"Escambia County, Florida",7,6,12033,476.4,466.2,486.8,1748,stable,-0.3,-2,1.4,high
165,"Essex County, Massachusetts",5,20,25009,459.3,453.1,465.7,4323,falling,-2.8,-3.7,-1.8,high
166,"Essex County, New Jersey",10,5,34013,457.4,450.8,464.0,3858,falling,-1.2,-1.5,-0.8,high
167,"Fairfield County, Connecticut",2,14,09001,467.7,461.9,473.5,5172,stable,-0.9,-2.1,0.3,high
168,"Fayette County, West Virginia",1,2,54019,501.9,476.4,528.6,312,stable,0.3,-6.2,7.4,low
169,"Flathead County, Montana",1,3,30029,527.0,508.2,546.2,651,stable,-1.8,-3.6,0.1,medium
170,"Florence County, South Carolina",1,1,45041,471.1,455.9,486.6,770,falling,-1.9,-2.9,-0.9,medium
171,"Floyd County, Iowa",3,3,19067,521.3,477.9,567.9,118,stable,0.2,-0.5,0.8,low
172,"Franklin County, Missouri",3,1,29071,488.5,470.9,506.6,612,stable,-0.4,-3.9,3.2,medium
173,"Franklin County, New York",1,5,36033,465.8,441.5,491.2,286,falling,-1.6,-2.1,-1.1,low
174,"Franklin County, Ohio",1,5,39049,465.0,459.4,470.7,5521,stable,0.7,-1,2.5,high
175,"Franklin County, Pennsylvania",2,5,42055,439.2,425.9,452.8,876,stable,0.5,-5,6.4,medium
176,"Franklin County, Washington",1,1,53021,368.5,347.2,390.7,244,stable,-4.1,-8.6,0.7,low
177,"Frederick County, Maryland",1,5,24021,451.4,439.8,463.2,1213,stable,0.9,-4.8,6.8,medium
178,"Frederick County, Virginia",1,2,51069,403.5,385.7,421.9,402,stable,-0.9,-2.8,1.1,low
179,"Fresno County, California",7,65,06019,396.0,390.0,401.9,3541,falling,-1.7,-2.4,-1,high
180,"Fulton County, New York",1,1,36035,546.0,521.4,571.5,396,stable,-0.2,-0.9,0.5,low
181,"Gadsden County, Florida",2,3,12039,442.1,417.4,468.0,253,stable,1.1,-5.4,8.1,low
182,"Gallatin County, Montana",1,3,30031,427.2,407.9,447.2,395,stable,1.8,-5,9.1,low
183,"Galveston County, Texas",3,4,48167,400.7,391.0,410.6,1377,falling,-3.2,-5.5,-0.8,medium
184,"Gaston County, North Carolina",4,16,37071,492.6,480.2,505.3,1239,stable,-0.9,-4.6,3,medium
185,"Genesee County, Michigan",2,4,26049,479.0,470.3,487.8,2418,stable,-1.9,-6.1,2.6,high
186,"Genesee County, New York",3,3,36037,507.2,484.4,530.9,393,stable,-0.6,-1.3,0.1,low
187,"Gila County, Arizona",1,2,04007,332.9,314.2,352.5,297,stable,-0.1,-7.2,7.5,low
188,"Gloucester County, New Jersey",9,13,34015,539.5,528.2,551.0,1813,falling,-8.4,-13.5,-3,high
189,"Glynn County, Georgia",4,4,13127,455.3,436.7,474.4,484,falling,-0.9,-1.5,-0.3,medium
190,"Grand Traverse County, Michigan",1,1,26055,516.0,497.2,535.4,610,stable,-2.5,-5.7,0.8,medium
191,"Grant County, Indiana",1,1,18053,514.8,493.3,537.1,459,stable,2.1,-3.5,7.9,medium
192,"Grant County, New Mexico",1,4,35017,339.9,314.3,367.4,155,falling,-1.5,-2.2,-0.8,low
193,"Grant County, Washington",1,6,53025,437.1,418.0,456.9,408,stable,-1.4,-6.2,3.6,low
194,"Granville County, North Carolina",2,7,37077,495.8,472.4,520.2,354,stable,-4.2,-9,0.8,low
195,"Gratiot County, Michigan",4,5,26057,426.8,401.1,453.7,215,stable,1.5,-1.9,5.1,low
196,"Greene County, Arkansas",1,2,05055,459.9,433.4,487.5,234,stable,2.5,-2.3,7.5,low
197,"Greene County, Missouri",4,5,29077,417.1,407.0,427.4,1362,stable,-0.7,-2,0.6,medium
198,"Greene County, New York",1,3,36039,516.9,492.1,542.7,355,stable,-0.6,-1.3,0.1,low
199,"Greene County, Ohio",1,2,39057,440.3,426.9,454.0,866,stable,-0.3,-2.5,2,medium
200,"Greenville County, South Carolina",5,3,45045,464.9,456.7,473.2,2543,stable,-0.4,-2.1,1.4,high
201,"Gregg County, Texas",1,1,48183,486.6,469.9,503.7,665,stable,-0.4,-2.1,1.5,medium
202,"Gunnison County, Colorado",1,1,08051,350.9,307.7,398.5,55,stable,5.9,-11.7,26.9,low
203,"Hall County, Nebraska",3,2,31079,476.9,453.4,501.2,323,stable,-1.8,-10,7.2,low
204,"Hamilton County, Ohio",1,3,39061,469.1,462.7,475.5,4320,stable,-0.8,-4.7,3.1,high
205,"Hamilton County, Tennessee",3,5,47065,458.1,448.9,467.5,1987,stable,0.2,-4.3,5,high
206,"Hampden County, Massachusetts",1,50,25013,427.6,419.8,435.6,2393,falling,-1.2,-1.7,-0.8,high
207,"Hancock County, Indiana",1,3,18059,474.8,453.7,496.7,400,stable,-1.1,-6.3,4.5,low
208,"Hancock County, Maine",1,4,23009,482.8,460.8,505.6,409,stable,0.8,-3.4,5.1,low
209,"Hanover County, Virginia",1,1,51085,470.1,452.9,487.8,600,stable,1.2,-5.2,8.1,medium
210,"Harford County, Maryland",1,13,24025,502.1,490.4,514.0,1483,stable,0.8,-1.9,3.5,high
211,"Harris County, Texas",16,26,48201,400.1,397.2,403.1,15446,falling,-3.6,-5.7,-1.4,high
212,"Harrison County, Mississippi",1,2,28047,498.6,485.0,512.4,1072,stable,-0.4,-4.2,3.5,medium
213,"Harrison County, Texas",2,2,48203,421.8,401.3,443.2,332,stable,1.1,-7,10,low
214,"Harrison County, West Virginia",1,1,54033,488.3,467.8,509.5,452,stable,-0.5,-10.2,10.3,medium
215,"Hartford County, Connecticut",3,19,09003,468.2,462.4,474.1,5173,falling,-1.5,-2.1,-0.9,high
216,"Haywood County, North Carolina",2,3,37087,496.5,475.2,518.6,461,stable,1,-9.9,13.2,medium
217,"Henderson County, North Carolina",1,3,37089,465.8,450.9,481.2,830,stable,0.9,-3.5,5.5,medium
218,"Henrico County, Virginia",1,4,51087,446.5,436.6,456.6,1618,stable,0.2,-3.9,4.4,high
219,"Herkimer County, New York",1,6,36043,518.0,495.9,540.9,448,stable,0,-0.5,0.5,low
220,"Hidalgo County, Texas",1,5,48215,333.2,327.1,339.4,2307,stable,-2.4,-4.9,0.1,high
221,"Hillsborough County, Florida",17,11,12057,477.8,472.6,483.0,6804,falling,-2.5,-3.2,-1.9,high
222,"Hillsborough County, New Hampshire",6,7,33011,474.0,465.0,483.1,2246,stable,-1.5,-4.2,1.2,high
223,"Honolulu County, Hawaii",4,20,15003,425.1,419.7,430.6,4971,stable,-0.1,-0.5,0.2,high
224,"Houghton County, Michigan",1,1,26061,388.2,361.0,417.1,163,stable,2.2,-9.9,15.8,low
225,"Houston County, Georgia",1,2,13153,455.9,440.3,471.9,675,stable,-0.5,-1,0,medium
226,"Howard County, Indiana",2,1,18067,479.3,460.4,498.9,513,rising,4.2,1,7.5,medium
227,"Hudson County, New Jersey",5,22,34017,391.6,384.6,398.6,2519,falling,-1.3,-1.7,-1,high
228,"Humboldt County, California",2,8,06023,439.4,424.4,454.7,714,falling,-1.3,-1.8,-0.8,medium
229,"Hunt County, Texas",1,2,48231,462.9,444.2,482.1,487,stable,-0.8,-3.1,1.7,medium
230,"Hunterdon County, New Jersey",4,11,34019,479.8,464.2,496.0,784,stable,-0.5,-0.9,0,medium
231,"Imperial County, California",1,46,06025,391.2,378.0,404.9,670,stable,-0.5,-1,0.1,medium
232,"Ingham County, Michigan",3,5,26065,454.6,443.1,466.2,1280,stable,-0.2,-3.7,3.4,medium
233,"Ionia County, Michigan",3,2,26067,439.8,417.6,462.8,309,stable,-1.6,-7.5,4.5,low
234,"Iosco County, Michigan",2,5,26069,410.9,382.8,440.9,193,stable,2.4,-5.7,11.2,low
235,"Iredell County, North Carolina",2,6,37097,480.8,466.8,495.1,932,stable,-0.1,-2.3,2.1,medium
236,"Jackson County, Florida",2,1,12063,327.7,307.8,348.5,212,stable,1.9,-1.3,5.2,low
237,"Jackson County, Indiana",1,1,18071,468.1,441.6,495.8,241,stable,2.5,-6.8,12.8,low
238,"Jackson County, Mississippi",1,2,28059,455.2,440.3,470.5,738,stable,-0.8,-4.9,3.5,medium
239,"Jackson County, Missouri",2,9,29095,458.9,452.0,466.0,3500,stable,-0.2,-3.1,2.8,high
240,"Jasper County, Missouri",1,2,29097,475.1,458.3,492.3,626,stable,-1.2,-7.6,5.7,medium
241,"Jasper County, Texas",2,3,48241,481.8,452.8,512.2,223,stable,1.6,-11.3,16.3,low
242,"Jefferson County, Alabama",2,3,01073,455.5,448.6,462.5,3478,stable,-0.2,-2,1.7,high
243,"Jefferson County, Colorado",2,5,08059,410.6,403.5,417.7,2755,stable,-1.6,-3.7,0.4,high
244,"Jefferson County, Kentucky",2,3,21111,532.7,525.8,539.7,4723,falling,-0.4,-0.7,-0.2,high
245,"Jefferson County, Missouri",2,2,29099,482.2,469.6,495.1,1189,stable,-1.7,-4.6,1.3,medium
246,"Jefferson County, New York",2,21,36045,532.5,513.4,552.2,604,stable,0,-0.6,0.6,medium
247,"Jefferson County, Texas",3,9,48245,399.9,389.3,410.7,1121,falling,-1.5,-2.6,-0.3,medium
248,"Jefferson County, Washington",1,1,53031,489.2,461.1,519.1,301,falling,-0.5,-0.8,-0.1,low
249,"Jefferson County, West Virginia",1,2,54037,454.6,430.7,479.5,291,stable,0.3,-8.8,10.4,low
250,"Jo Daviess County, Illinois",2,1,17085,458.3,425.4,493.4,168,stable,0.8,-2.9,4.6,low
251,"Juab County, Utah",1,1,49023,347.2,295.9,404.7,34,stable,-0.3,-1.5,1,low
252,"Kalamazoo County, Michigan",4,4,26077,418.1,407.1,429.4,1150,stable,-1.4,-11,9.4,medium
253,"Kane County, Illinois",1,8,17089,438.5,430.4,446.8,2316,stable,0.4,-2.2,3,high
254,"Kankakee County, Illinois",1,6,17091,494.2,476.9,511.9,646,stable,5.1,-1.7,12.4,medium
255,"Kaufman County, Texas",1,1,48257,469.9,451.6,488.8,523,stable,-0.2,-1,0.6,medium
256,"Keith County, Nebraska",1,1,31101,478.0,422.0,540.3,62,stable,1,-23.3,32.9,low
257,"Kennebec County, Maine",2,9,23011,464.6,449.4,480.2,763,stable,-1.9,-5.1,1.3,medium
258,"Kent County, Delaware",6,7,10001,534.8,520.3,549.6,1070,stable,-1,-2.7,0.8,medium
259,"Kent County, Michigan",10,6,26081,432.8,425.5,440.2,2817,stable,-2.3,-8.7,4.5,high
260,"Kent County, Rhode Island",1,7,44003,504.0,490.3,518.0,1103,stable,-0.3,-1.8,1.2,medium
261,"Kern County, California",1,172,06029,396.9,390.5,403.4,3024,falling,-1,-1.4,-0.7,high
262,"Kewaunee County, Wisconsin",1,3,55061,439.6,404.0,477.8,121,stable,1,-6,8.6,low
263,"King County, Washington",10,10,53033,448.8,444.7,452.9,9748,falling,-1.4,-2,-0.8,high
264,"King George County, Virginia",1,3,51099,438.4,401.5,477.9,111,stable,-3.8,-14.6,8.4,low
265,"Kings County, New York",1,5,36047,442.0,438.4,445.7,11862,falling,-1.3,-1.8,-0.7,high
266,"Kitsap County, Washington",8,2,53035,503.1,491.6,514.8,1579,stable,-0.2,-0.4,0,high
267,"Klamath County, Oregon",1,8,41035,449.4,429.0,470.5,403,stable,-0.6,-10.1,9.8,low
268,"Knox County, Indiana",1,2,18083,517.5,487.8,548.6,241,stable,-0.7,-9.7,9.1,low
269,"Knox County, Maine",1,1,23013,475.6,450.2,502.3,296,stable,3.1,-1.1,7.4,low
270,"Knox County, Tennessee",1,1,47093,465.4,456.9,474.0,2388,stable,0.4,-0.9,1.7,high
271,"Kootenai County, Idaho",1,4,16055,487.1,472.5,502.0,894,falling,-0.5,-1,-0.1,medium
272,"La Crosse County, Wisconsin",1,3,55063,439.3,423.0,456.0,584,stable,-1.5,-4.9,2.1,medium
273,"Lackawanna County, Pennsylvania",4,3,42069,477.6,466.0,489.6,1368,stable,-1.2,-7.3,5.2,medium
274,"Lake County, California",1,8,06033,431.7,412.1,452.1,411,falling,-1.3,-1.9,-0.8,low
275,"Lake County, Colorado",1,2,08065,307.4,250.2,373.6,23,stable,-6.9,-34.8,33.1,low
276,"Lake County, Florida",1,2,12069,497.8,488.6,507.1,2607,stable,-1.6,-4.3,1.2,high
277,"Lake County, Illinois",6,6,17097,450.9,443.9,457.9,3375,stable,1.2,-0.7,3.1,high
278,"Lake County, Indiana",7,12,18089,469.2,461.2,477.4,2713,stable,-2.4,-5.3,0.7,high
279,"Lake County, Michigan",1,1,26085,362.7,323.3,406.5,76,stable,-3,-14.2,9.7,low
280,"Lake County, Ohio",1,3,39085,477.1,465.8,488.5,1471,stable,-1.6,-4.8,1.7,high
281,"Lake County, Oregon",1,6,41037,352.4,305.6,405.5,45,stable,-2.3,-19.2,18.1,low
282,"Lancaster County, Nebraska",1,8,31109,433.5,422.8,444.4,1318,rising,2.2,0.5,4,medium
283,"Lancaster County, Pennsylvania",3,13,42071,456.9,449.4,464.5,2982,stable,0.9,-1.7,3.5,high
284,"Lane County, Oregon",1,20,41039,386.5,378.2,395.0,1785,stable,-2.4,-7.2,2.7,high
285,"Lapeer County, Michigan",1,2,26087,451.5,433.3,470.2,505,stable,-2.6,-8.7,3.9,medium
286,"Laramie County, Wyoming",1,5,56021,430.0,412.2,448.3,466,rising,5.3,1,9.8,medium
287,"Lawrence County, South Dakota",2,1,46081,382.9,351.7,416.2,126,stable,-2.2,-10.6,7,low
288,"Lebanon County, Pennsylvania",1,2,42075,474.5,459.9,489.5,855,stable,0.6,-2.9,4.3,medium
289,"Lee County, Iowa",2,2,19111,483.2,454.7,513.1,232,stable,0.1,-0.2,0.5,low
290,"Lehigh County, Pennsylvania",7,2,42077,502.2,492.6,512.0,2180,stable,-0.7,-4.6,3.4,high
291,"Lemhi County, Idaho",1,1,16059,459.8,404.9,521.3,65,stable,0,-1.5,1.6,low
292,"Lenawee County, Michigan",1,2,26091,442.3,425.6,459.6,558,stable,-2.3,-7.2,2.8,medium
293,"Lewis County, Washington",3,5,53041,430.1,411.9,448.9,456,stable,-3.7,-8.2,0.9,medium
294,"Lewis and Clark County, Montana",2,5,30049,498.2,476.0,521.2,414,stable,2.1,-5.1,9.8,low
295,"Lexington County, South Carolina",3,11,45063,449.2,438.6,460.0,1426,stable,3.4,-1.4,8.4,high
296,"Lincoln County, Montana",2,2,30053,506.1,469.0,545.8,169,stable,0.1,-6.8,7.5,low
297,"Linn County, Iowa",1,15,19113,480.0,467.6,492.7,1178,stable,1.7,-0.9,4.5,medium
298,"Linn County, Oregon",1,8,41043,429.4,414.5,444.7,665,falling,-4.7,-8,-1.4,medium
299,"Litchfield County, Connecticut",1,11,09005,484.2,471.8,496.9,1270,falling,-0.8,-1.2,-0.3,medium
300,"Livingston County, Michigan",3,1,26093,399.5,387.3,412.0,888,stable,-3.6,-9.5,2.7,medium
301,"Livingston County, New York",1,1,36051,492.9,470.6,516.0,394,stable,-0.7,-1.4,0,low
302,"Lorain County, Ohio",1,6,39093,464.8,454.9,474.8,1777,stable,0,-2.7,2.8,high
303,"Los Angeles County, California",18,185,06037,382.3,380.6,384.0,39457,falling,-1.5,-2.5,-0.4,high
304,"Loudoun County, Virginia",1,1,51107,369.0,358.8,379.4,1125,stable,-3.4,-9.9,3.7,medium
305,"Lowndes County, Mississippi",1,2,28087,472.9,449.5,497.1,321,stable,0,-8.7,9.4,low
306,"Luzerne County, Pennsylvania",4,9,42079,508.6,498.8,518.5,2221,stable,0.5,-1.2,2.2,high
307,"Lycoming County, Pennsylvania",1,4,42081,507.0,490.5,524.0,763,stable,-0.4,-3.5,2.7,medium
308,"Lyon County, Nevada",1,10,32019,426.2,404.1,449.3,311,stable,-0.2,-8.9,9.3,low
309,"Macomb County, Michigan",4,3,26099,498.8,492.7,505.0,5271,falling,-0.3,-0.5,-0.1,high
310,"Madison County, Alabama",1,2,01089,446.7,437.3,456.3,1762,stable,2.1,-0.9,5.3,high
311,"Madison County, Illinois",3,6,17119,487.3,476.4,498.4,1593,stable,-0.8,-3.5,2,high
312,"Madison County, Indiana",1,6,18095,479.0,463.7,494.6,781,stable,1,-0.3,2.4,medium
313,"Madison County, Missouri",1,1,29123,506.4,457.6,559.4,83,stable,0.4,-8.1,9.7,low
314,"Madison County, Nebraska",2,3,31119,447.8,418.4,478.7,185,stable,1.8,-5,9,low
315,"Madison County, New York",1,4,36053,501.2,480.1,523.1,452,stable,-0.4,-1,0.2,medium
316,"Manistee County, Michigan",1,2,26101,430.7,400.0,463.6,168,stable,-6,-21.1,12.1,low
317,"Manitowoc County, Wisconsin",2,4,55071,465.8,447.2,485.1,512,rising,4,1,7.1,medium
318,"Marathon County, Wisconsin",3,8,55073,452.4,437.8,467.5,757,stable,-3.1,-7.4,1.3,medium
319,"Maricopa County, Arizona",7,45,04013,395.0,392.4,397.7,17319,stable,-1.1,-2.9,0.7,high
320,"Marion County, Illinois",1,1,17121,532.6,503.8,562.6,277,stable,0.2,-4.1,4.6,low
321,"Marion County, Indiana",5,12,18097,470.3,463.9,476.7,4374,stable,1.8,-0.5,4.1,high
322,"Marion County, Ohio",1,2,39101,467.6,446.4,489.6,385,stable,1.8,-1.6,5.3,low
323,"Marion County, West Virginia",2,1,54049,504.6,481.3,528.8,378,stable,-0.9,-4.4,2.7,low
324,"Marquette County, Michigan",1,8,26103,417.2,397.1,438.2,352,stable,-1.9,-4.9,1.2,low
325,"Marshall County, Kentucky",2,4,21157,496.1,466.5,527.3,226,stable,-0.1,-1.1,0.9,low
326,"Martin County, Florida",2,2,12085,454.8,442.4,467.5,1270,stable,0.5,-6.6,8.1,medium
327,"Mason County, Michigan",1,3,26105,333.6,308.5,360.5,146,stable,1.4,-3.8,6.9,low
328,"Mason County, West Virginia",1,4,54053,473.1,441.4,506.6,179,stable,3.8,-8.6,17.8,low
329,"McClain County, Oklahoma",1,1,40087,498.4,468.2,530.2,212,stable,-0.1,-4.6,4.5,low
330,"McCracken County, Kentucky",1,1,21145,491.5,470.2,513.7,427,falling,-0.6,-1.1,-0.1,low
331,"McHenry County, Illinois",1,2,17111,456.0,445.4,466.8,1512,stable,0.5,-2.4,3.5,high
332,"McKinley County, New Mexico",2,2,35031,302.0,283.3,321.6,202,falling,-4,-7.7,-0.1,low
333,"McLean County, Kentucky",1,1,21149,553.5,495.1,617.5,69,stable,0.8,-0.3,1.9,low
334,"Mecklenburg County, North Carolina",2,4,37119,449.3,443.0,455.6,4183,stable,-0.2,-1,0.6,high
335,"Mendocino County, California",1,2,06045,431.8,414.2,449.9,515,stable,-0.5,-1.2,0.2,medium
336,"Merced County, California",1,15,06047,391.5,380.1,403.2,914,falling,-1.1,-1.6,-0.7,medium
337,"Mercer County, Pennsylvania",4,1,42085,501.9,485.9,518.4,812,stable,1,-1.8,3.8,medium
338,"Miami County, Ohio",4,1,39109,440.2,423.9,457.0,585,stable,0.2,-4.5,5.1,medium
339,"Miami-Dade County, Florida",14,7,12086,414.0,410.8,417.2,13019,stable,-1.3,-4.2,1.6,high
340,"Middlesex County, Connecticut",1,4,09007,485.5,472.2,499.1,1089,stable,-0.2,-0.4,0,medium
341,"Middlesex County, Massachusetts",15,39,25017,440.4,436.0,444.9,7886,falling,-2.4,-3.3,-1.4,high
342,"Middlesex County, New Jersey",18,44,34023,458.6,452.4,465.0,4233,falling,-7.7,-11.2,-4.1,high
343,"Milwaukee County, Wisconsin",2,7,55079,499.0,492.6,505.4,4906,stable,-0.4,-1.1,0.3,high
344,"Mineral County, West Virginia",1,2,54057,441.8,411.5,473.9,170,stable,-2.3,-11.2,7.6,low
345,"Minnehaha County, South Dakota",1,3,46099,536.4,520.9,552.3,967,stable,-3.6,-10,3.3,medium
346,"Mitchell County, Georgia",1,1,13205,475.5,438.6,514.7,127,falling,-1.1,-2.1,-0.2,low
347,"Mobile County, Alabama",3,8,01097,445.8,437.2,454.5,2145,falling,-1.9,-3.8,-0.1,high
348,"Monmouth County, New Jersey",10,18,34025,517.4,510.1,524.8,4054,falling,-7.5,-11.8,-3,high
349,"Monongalia County, West Virginia",1,2,54061,431.4,412.3,451.1,407,stable,1.6,-2.5,5.9,low
350,"Monroe County, Indiana",3,1,18105,440.9,424.5,457.8,573,stable,-1,-6.5,4.8,medium
351,"Monroe County, Michigan",1,2,26115,392.3,379.3,405.6,740,stable,4.4,-10.1,21.2,medium
352,"Monroe County, Ohio",1,1,39111,413.8,374.0,457.1,88,stable,8.7,-8.5,29.1,low
353,"Monroe County, Wisconsin",4,3,55081,451.1,425.5,477.8,246,stable,-4.9,-14.9,6.2,low
354,"Monterey County, California",3,11,06053,394.0,385.4,402.7,1679,falling,-0.8,-1.2,-0.3,high
355,"Montgomery County, Illinois",2,1,17135,497.0,465.7,530.0,199,stable,3.9,-6.2,15.1,low
356,"Montgomery County, Iowa",1,1,19137,512.0,459.5,569.3,78,stable,0.3,-0.2,0.8,low
357,"Montgomery County, Ohio",7,4,39113,466.0,458.5,473.6,3115,stable,1.2,-0.4,2.9,high
358,"Montgomery County, Pennsylvania",19,9,42091,483.1,477.0,489.3,4964,stable,-0.9,-4.2,2.5,high
359,"Montgomery County, Texas",2,2,48339,396.1,388.3,404.0,2099,falling,-4,-5.5,-2.5,high
360,"Montour County, Pennsylvania",1,1,42093,553.1,511.2,597.7,143,stable,1.2,-5.3,8.2,low
361,"Montrose County, Colorado",1,7,08085,381.3,358.2,405.7,224,stable,1.1,-8.7,11.9,low
362,"Moore County, North Carolina",3,4,37125,473.5,456.6,490.8,675,stable,-4.5,-17.3,10.2,medium
363,"Morris County, New Jersey",12,8,34027,488.8,480.8,496.9,3003,falling,-6.6,-11.6,-1.4,high
364,"Morrow County, Oregon",1,16,41049,378.0,331.1,429.9,50,stable,-3.1,-21.4,19.5,low
365,"Multnomah County, Oregon",6,2,41051,456.6,449.8,463.6,3636,stable,-1.8,-4.1,0.6,high
366,"Muskegon County, Michigan",9,1,26121,450.1,437.0,463.6,938,stable,-0.8,-2.5,0.9,medium
367,"Muskingum County, Ohio",1,1,39119,509.6,490.2,529.6,547,stable,-0.3,-4.1,3.6,medium
368,"Nassau County, New York",18,17,36059,509.4,504.5,514.3,8803,falling,-1,-1.6,-0.4,high
369,"Natrona County, Wyoming",1,4,56025,415.4,396.1,435.4,371,falling,-1.3,-2,-0.6,low
370,"Nevada County, California",1,6,06057,403.8,389.0,419.2,653,falling,-1.9,-2.4,-1.3,medium
371,"New Castle County, Delaware",14,14,10003,489.1,481.2,497.1,3049,stable,-0.3,-3,2.4,high
372,"New Haven County, Connecticut",5,15,09009,477.1,471.1,483.2,5053,falling,-2,-2.9,-1.2,high
373,"New London County, Connecticut",1,29,09011,474.0,463.4,484.8,1620,falling,-0.9,-1.4,-0.5,high
374,"Newport County, Rhode Island",1,2,44005,481.6,463.2,500.5,565,stable,-2.6,-7.1,2.2,medium
375,"Niagara County, New York",7,9,36063,541.0,528.6,553.7,1534,stable,-0.1,-0.5,0.2,high
376,"Norfolk County, Massachusetts",5,20,25021,465.0,458.4,471.7,3943,falling,-2.1,-3,-1.3,high
377,"Northampton County, Pennsylvania",2,6,42095,528.0,517.5,538.6,2063,stable,-0.9,-3.2,1.4,high
378,"Nueces County, Texas",1,8,48355,385.2,376.2,394.3,1460,stable,-0.4,-2.3,1.4,high
379,"Oakland County, Michigan",5,6,26125,483.0,477.9,488.1,7224,falling,-0.9,-1.2,-0.6,high
380,"Ocean County, New Jersey",11,10,34029,519.8,512.7,527.1,4455,falling,-7.5,-11.4,-3.5,high
381,"Ochiltree County, Texas",1,1,48357,369.8,316.1,429.9,35,stable,-9.8,-32.4,20.4,low
382,"Ogle County, Illinois",1,7,17141,465.1,441.6,489.6,309,stable,2.3,-1.3,6.1,low
383,"Okanogan County, Washington",1,2,53047,458.9,433.4,485.5,271,stable,1.3,-4.3,7.3,low
384,"Oklahoma County, Oklahoma",6,4,40109,468.5,461.7,475.5,3699,stable,0.7,-6,7.9,high
385,"Oldham County, Kentucky",1,1,21185,530.9,504.7,558.0,348,falling,-0.8,-1.3,-0.3,low
386,"Oneida County, New York",2,21,36065,505.1,493.4,517.0,1522,falling,-0.4,-0.7,-0.1,high
387,"Onondaga County, New York",1,6,36067,517.8,509.2,526.5,2935,falling,-1.1,-1.7,-0.5,high
388,"Onslow County, North Carolina",2,2,37133,511.0,493.6,528.7,689,stable,1.5,-0.6,3.5,medium
389,"Orange County, California",4,29,06059,404.1,401.1,407.2,13648,falling,-0.9,-1.2,-0.7,high
390,"Orange County, Florida",3,8,12095,426.2,420.9,431.6,5134,falling,-3.4,-5.8,-1,high
391,"Orange County, New York",4,5,36071,501.5,491.5,511.7,1995,falling,-0.6,-0.9,-0.3,high
392,"Orange County, Texas",2,4,48361,448.1,429.3,467.5,443,stable,-0.6,-5.6,4.6,low
393,"Orange County, Vermont",3,1,50017,435.7,405.4,467.9,170,stable,2.1,-10.9,17,low
394,"Orleans County, New York",2,2,36073,526.6,498.4,556.0,276,stable,0.1,-0.6,0.8,low
395,"Oswego County, New York",4,17,36075,532.2,514.8,550.1,752,stable,-0.4,-0.9,0.1,medium
396,"Ottawa County, Michigan",2,14,26139,404.2,393.8,414.8,1189,stable,-0.9,-8.1,6.8,medium
397,"Ouachita County, Arkansas",1,2,05103,486.4,453.0,521.8,169,stable,4,-5.2,14.1,low
398,"Outagamie County, Wisconsin",1,12,55087,452.6,439.3,466.2,909,stable,-0.7,-2.7,1.4,medium
399,"Ozaukee County, Wisconsin",1,1,55089,469.5,451.3,488.2,547,stable,1.8,0,3.6,medium
400,"Palm Beach County, Florida",2,6,12099,442.0,437.8,446.2,9488,stable,-2,-4.5,0.7,high
401,"Parker County, Texas",1,1,48367,454.9,438.9,471.3,655,stable,-0.5,-4.6,3.8,medium
402,"Passaic County, New Jersey",2,4,34031,450.4,442.4,458.5,2489,falling,-0.8,-1.2,-0.4,high
403,"Payne County, Oklahoma",1,4,40119,422.8,401.1,445.3,297,stable,-5,-11.2,1.6,low
404,"Penobscot County, Maine",2,20,23019,506.0,491.5,520.8,988,stable,0.5,-2.1,3.2,medium
405,"Person County, North Carolina",1,9,37145,457.3,430.8,485.2,238,stable,-2,-6.2,2.3,low
406,"Philadelphia County, Pennsylvania",4,4,42101,509.9,504.9,515.0,8288,falling,-1.5,-2.9,-0.1,high
407,"Pickens County, South Carolina",1,3,45077,478.2,461.7,495.2,664,stable,-1.8,-5.9,2.4,medium
408,"Pierce County, Washington",8,7,53053,498.0,491.3,504.9,4342,falling,-1,-1.5,-0.6,high
409,"Pima County, Arizona",1,27,04019,385.3,380.3,390.3,4853,stable,-0.4,-3.3,2.6,high
410,"Pinellas County, Florida",1,5,12103,465.6,460.4,470.9,6892,stable,-1.5,-4.2,1.3,high
411,"Pitkin County, Colorado",1,1,08097,321.1,286.9,358.7,75,stable,-1.1,-4.9,2.8,low
412,"Pittsylvania County, Virginia",1,1,51143,390.1,371.4,409.6,357,stable,3.1,-7.6,15,low
413,"Platte County, Nebraska",2,2,31141,444.6,415.0,475.8,176,stable,4.8,-2.3,12.4,low
414,"Plymouth County, Massachusetts",2,29,25023,475.6,467.9,483.5,3047,falling,-2.5,-3.6,-1.4,high
415,"Polk County, Florida",3,24,12105,489.9,483.1,496.8,4199,stable,-1.6,-6.4,3.5,high
416,"Polk County, Georgia",3,2,13233,508.8,480.1,538.9,244,falling,-1,-1.7,-0.3,low
417,"Polk County, Iowa",2,8,19153,466.4,457.4,475.5,2150,falling,-0.2,-0.4,-0.1,high
418,"Portage County, Ohio",1,1,39133,473.4,459.1,488.0,882,rising,1.9,1.1,2.6,medium
419,"Prince William County, Virginia",1,3,51153,361.9,352.6,371.3,1336,stable,-1.4,-5.2,2.6,medium
420,"Providence County, Rhode Island",8,16,44007,467.7,460.4,475.0,3351,falling,-3.3,-5.7,-0.9,high
421,"Pueblo County, Colorado",1,7,08101,419.6,406.7,432.8,854,stable,-0.1,-2.4,2.3,medium
422,"Pulaski County, Arkansas",2,4,05119,484.6,475.1,494.2,2097,stable,-0.9,-5.1,3.5,high
423,"Putnam County, New York",3,1,36079,519.4,500.9,538.5,639,falling,-0.9,-1.3,-0.5,medium
424,"Putnam County, West Virginia",1,1,54079,482.6,459.4,506.6,344,stable,-2.4,-9.5,5.2,low
425,"Queens County, New York",2,10,36081,420.6,417.1,424.2,11065,falling,-1.5,-2,-1,high
426,"Racine County, Wisconsin",1,2,55101,508.9,495.7,522.3,1188,stable,1.5,-1.4,4.5,medium
427,"Rensselaer County, New York",2,6,36083,529.4,514.5,544.5,1026,stable,0.7,-1.6,2.9,medium
428,"Richland County, South Carolina",3,2,45079,452.0,442.3,461.9,1741,stable,-0.4,-3.1,2.4,high
429,"Richmond County, Georgia",3,5,13245,468.6,455.3,482.2,993,rising,2.8,0.2,5.4,medium
430,"Richmond County, North Carolina",1,11,37153,448.7,423.8,474.9,254,stable,-3.4,-10.9,4.7,low
431,"Rio Arriba County, New Mexico",1,3,35039,324.7,302.0,348.8,162,stable,-0.6,-1.2,0,low
432,"Riverside County, California",3,93,06065,404.1,400.5,407.8,9799,falling,-1,-1.3,-0.7,high
433,"Roane County, Tennessee",1,3,47145,459.2,437.3,481.9,368,stable,-2.3,-10.3,6.4,low
434,"Roanoke County, Virginia",2,1,51161,440.2,423.7,457.3,575,stable,-3,-6.5,0.6,medium
435,"Rock County, Wisconsin",3,6,55105,486.8,472.7,501.2,934,stable,1.6,-3.6,7.1,medium
436,"Rockingham County, New Hampshire",9,5,33015,503.2,492.8,513.8,1913,stable,-1.1,-3.1,0.9,high
437,"Rockland County, New York",3,5,36087,481.2,471.0,491.5,1768,falling,-1.8,-2.6,-1.1,high
438,"Rowan County, North Carolina",1,11,37159,501.0,485.8,516.6,862,stable,-2.9,-8.8,3.4,medium
439,"Sacramento County, California",5,47,06067,434.6,429.9,439.4,6759,falling,-1.8,-2.5,-1.1,high
440,"Salem County, New Jersey",1,4,34033,556.5,533.2,580.5,460,stable,-0.1,-0.5,0.2,medium
441,"Salt Lake County, Utah",11,14,49035,411.4,405.5,417.4,3908,falling,-0.8,-1.1,-0.5,high
442,"San Benito County, California",1,2,06069,399.6,376.4,423.9,234,stable,-0.7,-1.6,0.3,low
443,"San Bernardino County, California",5,99,06071,404.9,400.8,409.0,7815,falling,-3.2,-5.6,-0.8,high
444,"San Diego County, California",1,65,06073,415.7,412.6,418.8,14020,falling,-1.7,-2.1,-1.3,high
445,"San Francisco County, California",1,5,06075,406.0,400.3,411.8,4031,falling,-1.1,-1.4,-0.7,high
446,"San Joaquin County, California",3,24,06077,413.2,406.4,420.2,2895,falling,-1.2,-2.1,-0.4,high
447,"San Juan County, New Mexico",1,5,35045,340.6,326.4,355.3,451,falling,-0.6,-1,-0.3,medium
448,"San Juan County, Utah",2,1,49037,276.1,238.5,318.0,40,stable,0.1,-0.9,1.1,low
449,"San Luis Obispo County, California",1,12,06079,437.7,427.6,447.9,1575,falling,-1.3,-1.6,-0.9,high
450,"San Patricio County, Texas",1,5,48409,419.3,398.1,441.3,304,stable,-1.8,-6.9,3.5,low
451,"Santa Barbara County, California",1,7,06083,429.5,421.0,438.1,2041,stable,-0.5,-0.9,0,high
452,"Santa Clara County, California",23,33,06085,390.4,386.5,394.4,7646,falling,-1.9,-2.5,-1.3,high
453,"Santa Cruz County, California",1,3,06087,430.7,419.9,441.8,1312,falling,-0.8,-1.2,-0.4,medium
454,"Santa Rosa County, Florida",1,3,12113,448.6,434.9,462.6,852,stable,-1.6,-5.3,2.3,medium
455,"Saratoga County, New York",3,16,36091,528.3,516.0,540.9,1478,stable,-0.2,-0.6,0.3,high
456,"Sauk County, Wisconsin",1,1,55111,452.2,431.0,474.2,363,stable,1.5,-2.5,5.6,low
457,"Saunders County, Nebraska",1,1,31155,456.2,419.8,495.1,124,stable,2.6,-8,14.4,low
458,"Schuylkill County, Pennsylvania",3,11,42107,505.4,491.3,519.9,1030,stable,-0.6,-4.3,3.2,medium
459,"Scott County, Missouri",1,1,29201,499.1,470.7,528.9,242,stable,0.4,-4.8,5.8,low
460,"Sebastian County, Arkansas",1,1,05131,457.0,441.2,473.2,660,stable,2.6,-0.8,6.1,medium
461,"Seminole County, Florida",2,2,12117,436.7,428.4,445.1,2220,stable,-1.2,-7.2,5.1,high
462,"Seneca County, New York",1,3,36099,505.3,475.6,536.5,232,stable,-0.3,-0.9,0.2,low
463,"Shasta County, California",1,39,06089,497.6,484.6,510.9,1217,stable,-0.4,-0.8,0.1,medium
464,"Sheboygan County, Wisconsin",2,2,55117,473.4,457.3,490.0,685,stable,0.5,-0.5,1.6,medium
465,"Shelby County, Alabama",1,3,01117,420.1,407.9,432.7,939,stable,-3.8,-8.5,1.1,medium
466,"Shelby County, Tennessee",7,1,47157,458.3,452.1,464.6,4404,stable,-1.4,-4.2,1.4,high
467,"Silver Bow County, Montana",1,1,30093,452.3,424.1,482.1,206,stable,0.5,-4.4,5.7,low
468,"Siskiyou County, California",2,11,06093,388.0,365.9,411.2,271,falling,-3.5,-5.4,-1.5,low
469,"Snohomish County, Washington",1,12,53061,483.0,476.0,490.1,3858,falling,-0.7,-0.9,-0.4,high
470,"Solano County, California",2,23,06095,430.2,421.8,438.8,2081,falling,-3.6,-5.1,-2.1,high
471,"Somerset County, New Jersey",8,13,34035,467.1,457.3,477.0,1819,falling,-8.8,-14.1,-3.2,high
472,"Sonoma County, California",2,9,06097,437.1,429.5,444.7,2790,stable,-1,-2.7,0.8,high
473,"Spartanburg County, South Carolina",2,6,45083,474.3,463.9,484.9,1643,stable,0.1,-4.6,5,high
474,"Spokane County, Washington",11,8,53063,419.6,411.8,427.5,2342,stable,-5.1,-14.5,5.5,high
475,"Spotsylvania County, Virginia",1,2,51177,457.4,440.9,474.4,614,stable,-1.5,-7.1,4.3,medium
476,"St. Lawrence County, New York",2,38,36089,479.4,462.6,496.7,644,falling,-1,-1.5,-0.5,medium
477,"Stanislaus County, California",3,16,06099,416.5,408.6,424.5,2193,falling,-1.7,-2.5,-0.9,high
478,"Stevens County, Washington",1,2,53065,380.0,357.2,404.0,243,falling,-9.3,-17.4,-0.4,low
479,"Stillwater County, Montana",1,2,30095,516.2,459.9,578.3,70,stable,5.2,-5.4,17,low
480,"Strafford County, New Hampshire",4,6,33017,494.3,477.4,511.6,685,stable,0.9,-2.6,4.5,medium
481,"Suffolk County, New York",16,36,36103,530.3,525.5,535.2,9577,falling,-0.9,-1.5,-0.4,high
482,"Sullivan County, New York",1,4,36105,458.4,439.1,478.4,454,falling,-1.1,-1.6,-0.6,medium
483,"Summit County, Ohio",1,3,39153,449.9,442.6,457.3,3068,stable,0.9,-0.8,2.6,high
484,"Summit County, Utah",1,3,49043,421.3,389.5,454.9,162,stable,0.6,0,1.2,low
485,"Sussex County, Delaware",4,7,10005,493.3,482.0,504.8,1684,stable,-2,-5.8,2,high
486,"Sussex County, New Jersey",3,5,34037,506.9,491.6,522.7,909,falling,-0.7,-1.1,-0.3,medium
487,"Suwannee County, Florida",1,2,12121,469.5,444.6,495.5,287,stable,5.9,-0.8,13,low
488,"Talladega County, Alabama",1,2,01121,449.8,430.9,469.2,454,stable,-1,-5.8,4.1,medium
489,"Taos County, New Mexico",1,1,35055,323.1,299.6,348.2,161,falling,-0.8,-1.4,-0.3,low
490,"Tarrant County, Texas",3,4,48439,437.5,433.0,442.0,7842,stable,-1.3,-2.6,0.1,high
491,"Taylor County, Wisconsin",1,1,55119,414.8,379.6,452.6,111,stable,1.7,-8.7,13.3,low
492,"Thurston County, Washington",1,3,53067,485.6,474.4,496.9,1526,stable,-0.2,-0.4,0,high
493,"Tippecanoe County, Indiana",1,4,18157,422.4,407.8,437.4,664,stable,0,-4.9,5.1,medium
494,"Tolland County, Connecticut",1,3,09013,458.1,443.3,473.2,782,falling,-1.2,-1.7,-0.6,medium
495,"Tooele County, Utah",4,2,49045,462.4,434.9,491.2,226,stable,0.1,-0.3,0.6,low
496,"Tulare County, California",2,32,06107,371.7,363.1,380.3,1489,falling,-1.4,-1.7,-1.1,high
497,"Tulsa County, Oklahoma",3,5,40143,480.4,472.9,488.1,3210,stable,1.8,-0.2,3.8,high
498,"Tuscarawas County, Ohio",3,2,39157,442.1,425.1,459.6,544,stable,0.1,-7.4,8.3,medium
499,"Ulster County, New York",3,8,36111,470.0,457.4,482.9,1131,falling,-0.9,-1.3,-0.5,medium
500,"Union County, Arkansas",2,1,05139,488.9,461.4,517.7,251,stable,-0.5,-4,3.2,low
501,"Union County, New Jersey",2,11,34039,452.0,444.4,459.8,2773,falling,-8.8,-14.1,-3.2,high
502,"Valencia County, New Mexico",1,7,35061,392.5,373.9,411.9,354,falling,-0.7,-1.1,-0.4,low
503,"Valley County, Idaho",1,2,16085,386.2,339.7,438.0,61,falling,-2.6,-4.2,-0.9,low
504,"Van Buren County, Michigan",1,2,26159,457.2,437.4,477.6,432,stable,-1.8,-5.5,1.9,low
505,"Vanderburgh County, Indiana",1,2,18163,464.2,451.1,477.6,1011,stable,0.6,-5.9,7.7,medium
506,"Ventura County, California",2,12,06111,415.3,409.3,421.3,3856,falling,-1.8,-2.6,-1,high
507,"Vermilion County, Illinois",1,3,17183,512.1,492.3,532.6,534,stable,-1.6,-4,0.8,medium
508,"Vigo County, Indiana",2,2,18167,489.6,471.8,508.0,598,stable,-0.9,-2.6,0.9,medium
509,"Volusia County, Florida",1,4,12127,446.2,439.2,453.2,3556,stable,-1.1,-5.9,3.8,high
510,"Wake County, North Carolina",3,12,37183,464.2,457.8,470.6,4298,stable,0.7,-0.5,1.9,high
511,"Wallowa County, Oregon",1,2,41063,351.6,300.5,410.4,42,stable,-11.2,-26.3,6.9,low
512,"Walworth County, Wisconsin",1,1,55127,501.3,483.3,519.9,619,stable,-1.5,-3.9,1,medium
513,"Wapello County, Iowa",1,3,19179,510.5,480.9,541.5,236,stable,0.2,-0.2,0.5,low
514,"Ward County, North Dakota",1,2,38101,457.2,433.8,481.5,298,stable,1.7,-8.4,12.9,low
515,"Warren County, New Jersey",1,13,34041,501.5,484.3,519.1,688,stable,-7.3,-14.9,1,medium
516,"Warren County, North Carolina",1,6,37185,441.5,406.8,478.7,138,stable,-1.1,-5.7,3.7,low
517,"Warren County, Ohio",1,2,39165,450.6,438.4,463.0,1081,stable,-1.6,-7,4.1,medium
518,"Warren County, Virginia",1,2,51187,425.4,398.2,453.9,195,stable,3.8,-4.3,12.6,low
519,"Washington County, Maine",1,3,23029,515.0,485.5,546.1,256,stable,1.5,-6.5,10.1,low
520,"Washington County, Maryland",1,4,24043,476.4,462.1,491.1,868,stable,0.1,-5.3,5.7,medium
521,"Washington County, Mississippi",1,1,28151,503.3,476.2,531.7,274,stable,-3,-8.3,2.5,low
522,"Washington County, Ohio",1,5,39167,500.4,478.6,523.1,427,stable,3,-0.3,6.5,low
523,"Washington County, Rhode Island",3,8,44009,487.5,471.9,503.5,827,stable,-0.8,-4.5,3.1,medium
524,"Washington County, Wisconsin",1,1,55131,478.5,463.4,494.0,801,rising,1.7,0.7,2.6,medium
525,"Waukesha County, Wisconsin",4,2,55133,478.7,470.0,487.6,2452,stable,0.2,-0.9,1.4,high
526,"Wayne County, Michigan",4,15,26163,507.9,503.4,512.4,10312,falling,-1.4,-2,-0.9,high
527,"Weber County, Utah",1,4,49057,393.0,381.3,405.0,882,stable,-1.8,-3.6,0,medium
528,"Westchester County, New York",2,4,36119,478.6,473.0,484.4,5687,falling,-0.7,-0.9,-0.4,high
529,"Wexford County, Michigan",2,2,26165,510.1,479.3,542.4,219,stable,-1.3,-4.4,2,low
530,"Whatcom County, Washington",3,5,53073,472.3,459.8,485.1,1156,stable,1.7,-1.7,5.2,medium
531,"Whitley County, Indiana",1,1,18183,412.2,384.3,441.6,173,stable,-2.1,-11.3,8,low
532,"Will County, Illinois",3,16,17197,491.9,484.3,499.7,3335,stable,0.4,-1.7,2.6,high
533,"Windham County, Connecticut",4,7,09015,486.8,470.1,503.9,684,stable,-0.2,-0.5,0.1,medium
534,"Windham County, Vermont",1,6,50025,448.1,423.5,473.9,279,stable,-3,-6.7,0.8,low
535,"Windsor County, Vermont",1,8,50027,462.0,440.4,484.4,385,stable,2.8,-1.6,7.5,low
536,"Winkler County, Texas",1,1,48495,416.5,351.6,489.8,30,stable,6.6,-12.7,30.2,low
537,"Winnebago County, Illinois",5,5,17201,475.9,465.5,486.5,1668,stable,-0.5,-2.7,1.8,high
538,"Wood County, West Virginia",1,1,54107,474.7,456.6,493.4,553,stable,1.3,-4.5,7.4,medium
539,"Woodbury County, Iowa",1,2,19193,481.8,463.4,500.7,542,stable,-0.2,-0.5,0.1,medium
540,"Worcester County, Massachusetts",1,85,25027,463.5,457.2,469.8,4390,falling,-0.4,-0.7,-0.1,high
541,"Yadkin County, North Carolina",1,3,37197,453.0,426.7,480.7,233,stable,-1.2,-4.2,1.9,low
542,"Yakima County, Washington",3,10,53077,383.7,372.7,394.9,956,stable,-0.8,-5.4,4.1,medium
543,"Yamhill County, Oregon",1,6,41071,439.5,422.5,457.1,531,stable,0.3,-6.7,7.9,medium
544,"Yavapai County, Arizona",1,4,04025,397.6,387.9,407.6,1578,stable,0.4,-7.1,8.6,high
545,"Yell County, Arkansas",2,1,05149,463.3,427.1,501.8,126,stable,-4.8,-14.3,5.8,low
546,"Yellowstone County, Montana",1,2,30111,488.7,474.1,503.6,902,stable,5.2,0,10.6,medium
547,"Yolo County, California",1,11,06113,406.4,393.6,419.5,794,falling,-0.9,-1.3,-0.4,medium
548,"York County, Maine",3,9,23031,485.9,473.9,498.3,1328,stable,0.2,-5.6,6.3,medium
549,"York County, Nebraska",2,1,31185,438.7,395.3,485.8,83,stable,0,-7.2,7.7,low
550,"York County, Pennsylvania",5,9,42133,488.1,479.7,496.7,2652,stable,-0.1,-2.4,2.2,high
551,"York County, South Carolina",2,4,45091,463.7,451.9,475.8,1236,stable,1.4,-2.2,5.2,medium
552,"Yuma County, Arizona",1,5,04027,347.9,337.1,358.9,831,stable,1.5,-2,5.2,medium
